,排名,板块名称,板块代码,最新价,涨跌额,涨跌幅,总市值,换手率,上涨家数,下跌家数,领涨股票,领涨股票-涨跌幅
0,1,中字头,BK0505,8254.64,452.93,5.81,16906821632000,1.38,94,11,中粮资本,10.01
1,2,低碳冶金,BK0979,904.88,36.29,4.18,306625296000,1.8,8,0,中国中冶,10.0
2,3,鸡肉概念,BK0887,725.98,24.82,3.54,383022896000,2.8,18,2,晓鸣股份,20.02
3,4,中特估,BK1139,1085.03,34.77,3.31,23223150080000,0.89,68,14,中国交建,10.04
4,5,房屋检测,BK1179,1131.68,32.37,2.94,201176420000,4.26,33,3,中设股份,10.03
5,6,磁悬浮概念,BK0975,1472.27,38.31,2.67,747696720000,2.76,22,6,中国中铁,9.94
6,7,煤化工,BK0492,8258.57,206.89,2.57,2620953040000,2.2,61,10,新集能源,9.96
7,8,猪肉概念,BK0882,1154.46,28.19,2.5,909683136000,3.27,33,3,神农集团,10.0
8,9,超超临界发电,BK1087,1113.02,26.85,2.47,932217216000,2.44,40,3,中国能建,8.89
9,10,稀缺资源,BK0519,21986.28,522.5,2.43,3242635600000,2.18,64,14,岳阳林纸,10.0
10,11,海工装备,BK0601,1430.51,33.55,2.4,1229985568000,2.54,33,9,中国交建,10.04
11,12,数字阅读,BK0959,1407.22,32.12,2.34,189441124000,3.19,15,3,中信出版,19.85
12,13,统一大市场,BK1077,948.68,21.23,2.29,327273552000,2.67,33,5,天顺股份,10.03
13,14,血氧仪,BK1122,875.57,19.38,2.26,135787722000,3.39,10,4,华盛昌,9.99
14,15,可燃冰,BK0818,1109.84,24.23,2.23,314766256000,1.42,14,1,南钢股份,4.46
15,16,退税商店,BK0933,954.12,19.69,2.11,121668045000,1.88,9,1,小商品城,6.43
16,17,上证50_,BK0611,1835.36,37.13,2.06,26615498240000,0.73,40,10,中国中铁,9.94
17,18,装配建筑,BK0945,816.7,16.52,2.06,1456464192000,2.6,68,21,中铁装配,20.03
18,19,光伏高速公路,BK1096,1219.19,24.29,2.03,99996918000,1.39,7,0,山东高速,2.86
19,20,海洋经济,BK0623,2182.65,43.47,2.03,733183664000,2.41,25,3,中水渔业,6.63
20,21,新型城镇化,BK1080,754.77,15.0,2.03,371864400000,4.72,72,24,中铁装配,20.03
21,22,工程机械概念,BK0991,1075.18,20.99,1.99,918067056000,2.4,35,11,中国中铁,9.94
22,23,一带一路,BK0712,1136.99,21.94,1.97,13442219264000,1.73,337,88,天顺股份,10.03
23,24,绿色电力,BK1024,946.83,18.18,1.96,4956587776000,1.69,112,15,岳阳林纸,10.0
24,25,央企改革,BK1140,1050.65,19.83,1.92,34392567296000,1.36,338,116,中粮资本,10.01
25,26,铁路基建,BK0592,2000.72,37.75,1.92,3081634608000,2.08,85,29,摩恩电气,9.97
26,27,建筑节能,BK1076,789.18,14.69,1.9,179745876000,3.44,34,6,中铁装配,20.03
27,28,快递概念,BK0990,806.46,14.88,1.88,581884032000,2.08,35,7,天顺股份,10.03
28,29,净水概念,BK1068,1031.46,18.9,1.87,1265252992000,2.24,15,4,碧水源,9.28
29,30,微盘股,BK1158,1630.15,29.73,1.86,643932128000,4.78,312,78,东晶电子,10.04
30,31,核污染防治,BK0983,1094.97,19.91,1.85,392133456000,2.31,21,10,华盛昌,9.99
31,32,海绵城市,BK0724,789.02,14.05,1.81,249582468000,5.41,23,13,中建环能,19.91
32,33,风能,BK0595,1687.59,29.87,1.8,6579985408000,1.99,161,51,飞沃科技,19.98
33,34,抽水蓄能,BK1003,1200.26,20.11,1.7,940041792000,1.7,25,6,深水规院,11.79
34,35,东盟自贸区概念,BK1154,955.65,15.99,1.7,169093066000,1.56,12,2,南宁百货,4.04
35,36,民爆概念,BK1066,1147.43,17.55,1.55,128759641000,3.81,12,4,航天智造,6.82
36,37,RCEP概念,BK0962,869.58,13.24,1.55,175084035000,1.58,18,4,华英农业,4.86
37,38,熔盐储能,BK1103,640.97,9.69,1.53,67054482000,2.27,7,2,蓝科高新,4.24
38,39,超级品牌,BK0811,2300.66,34.43,1.52,9041759744000,2.37,27,4,东阿阿胶,5.68
39,40,航母概念,BK0715,803.42,11.85,1.5,1221752400000,2.45,24,13,中船应急,20.02
40,41,地摊经济,BK0924,1459.84,21.53,1.5,483068448000,3.54,26,9,力帆科技,10.1
41,42,啤酒概念,BK1073,941.66,13.64,1.47,238915724000,2.04,13,4,中国海诚,9.99
42,43,油气设服,BK0606,1407.97,20.38,1.47,2106712480000,2.28,48,13,天海防务,11.48
43,44,预制菜概念,BK1025,912.94,12.89,1.43,610762240000,3.48,42,11,湘佳股份,9.99
44,45,AH股,BK0499,7485.74,105.28,1.43,33042521088000,0.97,105,44,海通证券,10.03
45,46,长寿药,BK0936,886.71,12.37,1.41,127866943000,4.04,11,4,*ST红阳,4.7
46,47,粮食概念,BK1086,648.78,8.98,1.4,161576743000,3.58,22,4,神农种业,6.74
47,48,生态农业,BK0669,1084.31,14.95,1.4,246769973000,2.63,31,8,中粮科技,9.93
48,49,空间计算,BK1143,971.27,13.34,1.39,113278596000,5.75,13,9,天亿马,19.99
49,50,免税概念,BK0927,1041.59,14.22,1.38,930682096000,1.89,19,9,小商品城,6.43
50,51,PPP模式,BK0721,585.48,7.98,1.38,2353404672000,3.38,102,46,深水海纳,20.02
51,52,地下管网,BK1058,852.14,11.59,1.38,293643936000,3.75,30,13,中设股份,10.03
52,53,天然气,BK0843,1205.64,16.02,1.35,5198542848000,1.13,102,25,陕西黑猫,9.94
53,54,央视50_,BK0610,2176.6,28.86,1.34,15549134336000,0.77,34,15,碧水源,9.28
54,55,草甘膦,BK0950,1402.0,18.32,1.32,153372591000,1.59,9,5,中农联合,10.0
55,56,气溶胶检测,BK1065,1098.65,14.14,1.3,210967518000,2.27,7,4,捷强装备,13.73
56,57,供销社概念,BK1109,876.54,11.24,1.3,108883113000,3.54,11,3,中农联合,10.0
57,58,土壤修复,BK1070,690.69,8.52,1.25,177604028000,5.58,23,7,中达安,11.15
58,59,B股,BK0636,865.71,10.54,1.23,435467328000,0.57,67,11,宁通信B,8.43
59,60,水产养殖,BK0967,717.94,8.58,1.21,237554848000,3.11,12,5,神农种业,6.74
60,61,核能核电,BK0577,1667.14,19.67,1.19,2726017712000,2.37,95,39,中成股份,10.03
61,62,熊去氧胆酸,BK1120,903.5,10.32,1.16,350667216000,2.82,15,5,赛托生物,6.95
62,63,国企改革,BK0683,3758.6,42.83,1.15,37159983104000,2.41,947,380,贵绳股份,9.97
63,64,破净股,BK1112,1118.45,12.47,1.13,19309796864000,1.42,332,127,海通证券,10.03
64,65,乡村振兴,BK0834,1172.35,12.82,1.11,1259612960000,3.72,96,36,晓鸣股份,20.02
65,66,页岩气,BK0603,1669.45,18.02,1.09,2816001664000,0.94,30,9,通源石油,8.88
66,67,乳业,BK0892,867.13,9.34,1.09,448210432000,2.58,23,6,西部牧业,5.93
67,68,水利建设,BK0597,1386.94,14.73,1.07,2123578928000,3.54,76,33,中国交建,10.04
68,69,证金持股,BK0718,1260.26,13.31,1.07,37552120320000,1.26,166,64,海通证券,10.03
69,70,社区团购,BK0965,698.54,7.2,1.04,531436144000,3.7,28,9,徐家汇,8.04
70,71,医废处理,BK0914,946.3,9.6,1.02,190527776000,3.04,24,8,中钢国际,6.87
71,72,债转股,BK0980,889.21,9.01,1.02,1119073456000,2.44,31,14,摩恩电气,9.97
72,73,上证180_,BK0612,1471.09,14.84,1.02,41755582464000,1.07,115,65,海通证券,10.03
73,74,娃哈哈概念,BK1165,953.34,9.53,1.01,88989498000,3.02,15,4,宝钢包装,4.55
74,75,调味品概念,BK1026,819.88,8.11,1.0,736867104000,2.33,24,7,京粮控股,4.56
75,76,中超概念,BK0635,1899.49,18.72,1.0,220564595000,1.36,6,2,新能泰山,6.29
76,77,磷化工,BK1010,636.14,6.06,0.96,642353904000,2.23,29,9,中国化学,6.8
77,78,新冠药物,BK1060,740.34,7.01,0.96,577595968000,3.12,38,17,香雪制药,19.97
78,79,光伏建筑一体化,BK0978,1134.27,10.62,0.95,1096365152000,2.93,53,28,文科股份,9.96
79,80,AI语料,BK1172,774.75,7.16,0.93,281318368000,4.73,13,11,中信出版,19.85
80,81,换电概念,BK0985,1079.12,9.91,0.93,782244064000,2.56,29,19,力帆科技,10.1
81,82,节能环保,BK0494,9415.96,84.65,0.91,3551658560000,3.36,267,130,深水海纳,20.02
82,83,宠物经济,BK0993,610.39,5.43,0.9,185268118000,2.4,24,6,三只松鼠,4.83
83,84,中俄贸易概念,BK1072,1122.51,9.74,0.88,385991376000,3.43,43,13,天顺股份,10.03
84,85,贬值受益,BK0812,1093.46,9.48,0.87,1989949600000,2.68,100,41,瑞贝卡,10.16
85,86,生物质能发电,BK1098,860.76,7.41,0.87,196941890000,3.92,22,4,中科环保,13.02
86,87,转基因,BK0907,1135.63,9.6,0.85,103410239000,3.43,11,4,天康生物,3.05
87,88,新能源,BK0493,12437.98,105.02,0.85,5839981568000,2.29,137,64,红相股份,20.0
88,89,千金藤素,BK1083,972.86,8.05,0.83,140004384000,1.48,3,2,方盛制药,4.47
89,90,降解塑料,BK0909,1370.16,11.0,0.81,637954912000,1.87,42,19,中粮科技,9.93
90,91,体育产业,BK0708,988.99,7.93,0.81,806032320000,2.46,52,20,天和防务,12.1
91,92,西部大开发,BK0590,2331.13,18.43,0.8,10819713792000,3.09,388,198,奇正藏药,9.99
92,93,AI制药,BK1170,895.41,6.94,0.78,111704996000,4.83,5,9,泓博医药,14.24
93,94,新零售,BK0825,762.3,5.9,0.78,2484436048000,2.84,97,41,国芳集团,10.02
94,95,农业种植,BK0888,1668.18,12.68,0.77,665693152000,3.95,58,19,中农联合,10.0
95,96,内贸流通,BK1001,1013.75,7.68,0.76,1327846544000,3.21,120,44,国芳集团,10.02
96,97,空气能热泵,BK1102,1088.59,7.96,0.74,1188810176000,4.14,19,12,鼎汉技术,17.97
97,98,黄金概念,BK0547,10840.28,78.9,0.73,1603669264000,2.28,41,14,上海建工,3.96
98,99,蒙脱石散,BK1123,969.13,7.05,0.73,62582167000,3.67,6,5,仟源医药,7.22
99,100,广电,BK0904,1235.79,8.91,0.73,225603745000,3.09,15,12,中视传媒,6.65
100,101,人造肉,BK0866,865.34,6.2,0.72,167725347000,3.71,14,3,雪榕生物,4.08
101,102,冷链物流,BK0852,1505.31,10.2,0.68,1400463616000,3.25,74,35,天顺股份,10.03
102,103,碳交易,BK0966,1325.97,8.88,0.67,2611819104000,2.14,92,38,华盛昌,9.99
103,104,抖音小店,BK0928,830.56,5.45,0.66,162278727000,3.17,14,9,若羽臣,6.32
104,105,中药概念,BK0615,1956.55,12.41,0.64,2024981072000,2.81,103,40,奇正藏药,9.99
105,106,汽车拆解,BK0943,900.9,5.69,0.64,235791388000,2.1,11,5,怡球资源,3.27
106,107,工业大麻,BK0856,1439.55,9.05,0.63,407337072000,3.37,29,13,岳阳林纸,10.0
107,108,跨境电商,BK1115,1046.54,6.56,0.63,1082737904000,3.67,80,39,瑞贝卡,10.16
108,109,小金属概念,BK0695,2096.8,12.86,0.62,2738494432000,2.59,65,43,中国中铁,9.94
109,110,化妆品概念,BK0974,949.81,5.74,0.61,710040176000,2.8,36,19,壹网壹创,4.72
110,111,特高压,BK0918,1554.68,9.16,0.59,1135637600000,3.04,55,29,创元科技,9.92
111,112,HS300_,BK0500,10340.88,58.66,0.57,57079187968000,1.25,183,114,海通证券,10.03
112,113,地热能,BK0622,2921.96,16.56,0.57,86633782000,5.54,7,5,中材节能,10.0
113,114,青蒿素,BK0872,1475.0,8.15,0.56,287900400000,2.25,7,4,德龙汇能,3.85
114,115,滨海新区,BK0566,8735.28,47.7,0.55,210253988000,3.33,12,9,津投城开,10.17
115,116,盲盒经济,BK0954,898.73,4.88,0.55,95113346000,4.13,6,5,沐邦高科,6.87
116,117,化工原料,BK0512,19058.21,101.0,0.53,1153124288000,2.12,43,21,亚星化学,5.11
117,118,流感,BK0906,1410.47,7.33,0.52,1322335744000,2.85,67,39,奇正藏药,9.99
118,119,尾气治理,BK0932,1190.63,6.11,0.52,215090227000,3.46,23,10,聚光科技,5.79
119,120,GDR,BK0868,901.17,4.6,0.51,1563836144000,2.1,5,6,中国太保,3.16
120,121,口罩,BK0911,1305.98,6.58,0.51,2724421840000,3.49,104,51,香雪制药,19.97
121,122,注射器概念,BK0973,829.88,4.17,0.51,74871779000,3.78,9,4,五洲医疗,3.16
122,123,成渝特区,BK0534,15733.99,76.28,0.49,2246931296000,2.89,54,28,中铁工业,6.72
123,124,京津冀,BK0684,1415.69,6.65,0.47,543459120000,3.61,33,21,津投城开,10.17
124,125,在线旅游,BK0692,1401.29,6.57,0.47,211579168000,4.29,18,8,中视传媒,6.65
125,126,消毒剂,BK0913,1079.0,4.99,0.46,503178800000,2.4,36,20,中金辐照,17.99
126,127,雄安新区,BK0813,773.52,3.55,0.46,2579924032000,3.31,107,55,海量数据,9.99
127,128,QFII重仓,BK0535,14975.93,67.71,0.45,3308173632000,3.07,166,96,泰尔股份,9.92
128,129,粤港自贸,BK0677,2558.98,11.42,0.45,1012880480000,3.33,45,23,山水比德,18.85
129,130,参股银行,BK0525,9074.21,39.15,0.43,11220925184000,1.96,148,73,瑞贝卡,10.16
130,131,户外露营,BK1079,964.43,4.16,0.43,109451887000,2.67,16,10,ST先锋,4.23
131,132,免疫治疗,BK0698,1261.29,5.39,0.43,460209168000,2.8,26,16,香雪制药,19.97
132,133,垃圾分类,BK0873,1187.21,5.0,0.42,747803280000,3.2,67,33,中国海诚,9.99
133,134,创业板综,BK0742,1255.02,5.28,0.42,12147779328000,7.37,823,503,深水海纳,20.02
134,135,肝炎概念,BK1078,1096.63,4.36,0.4,447646784000,3.51,27,16,新光药业,9.1
135,136,2025规划,BK0713,841.8,3.3,0.39,3968104816000,2.4,49,32,鼎汉技术,17.97
136,137,大飞机,BK0814,1193.37,4.62,0.39,1642213648000,2.69,59,34,飞沃科技,19.98
137,138,拼多多概念,BK0957,834.1,3.2,0.39,97182255000,4.63,13,10,友邦吊顶,10.04
138,139,壳资源,BK0820,807.75,3.07,0.38,221774876000,4.5,42,33,东晶电子,10.04
139,140,氢能源,BK0864,942.78,3.55,0.38,4624718592000,2.21,154,82,力帆科技,10.1
140,141,军民融合,BK0808,1329.66,4.84,0.37,2703463744000,4.17,102,75,红相股份,20.0
141,142,转债标的,BK0528,8274.09,27.83,0.34,7839618560000,2.37,320,197,奇正藏药,9.99
142,143,标准普尔,BK0879,1343.66,4.5,0.34,56950273024000,1.9,623,419,海通证券,10.03
143,144,IPO受益,BK0697,2827.92,9.43,0.33,2349419440000,2.92,33,21,南京化纤,10.0
144,145,储能,BK0989,1464.12,4.69,0.32,7521630720000,2.78,180,122,华盛昌,9.99
145,146,养老金,BK0823,1226.38,3.92,0.32,2757242320000,2.55,111,75,神农集团,10.0
146,147,钒电池,BK1095,964.54,3.03,0.32,428063168000,2.69,12,9,新筑股份,3.23
147,148,土地流转,BK0632,1395.01,4.3,0.31,405013152000,2.68,29,15,神农种业,6.74
148,149,减肥药,BK1146,963.81,2.9,0.3,408962240000,2.72,15,11,睿智医药,8.52
149,150,重组蛋白,BK1063,753.96,2.12,0.28,159572666000,2.67,7,7,睿智医药,8.52
150,151,辅助生殖,BK0939,938.81,2.63,0.28,534498704000,3.55,32,20,香雪制药,19.97
151,152,发电机概念,BK1014,918.02,2.44,0.27,89830064000,4.33,11,9,新柴股份,5.8
152,153,独家药品,BK0676,2398.85,6.35,0.27,793814864000,2.68,26,15,奇正藏药,9.99
153,154,石墨烯,BK0617,1653.88,4.35,0.26,789370336000,3.11,41,26,大东南,9.05
154,155,eSIM,BK0956,1256.34,3.25,0.26,291321552000,2.53,4,5,澄天伟业,12.42
155,156,军工,BK0490,51009.38,128.23,0.25,5391570688000,3.84,260,220,泰尔股份,9.92
156,157,基因测序,BK0693,1647.02,4.08,0.25,488900512000,3.4,25,25,金域医学,9.97
157,158,病毒防治,BK0675,2297.19,5.58,0.24,1602972496000,2.76,65,50,香雪制药,19.97
158,159,幽门螺杆菌概念,BK1056,796.9,1.9,0.24,486417808000,3.3,32,16,海辰药业,5.3
159,160,减速器,BK1100,916.39,2.14,0.23,362499472000,5.51,28,27,宁波东力,10.07
160,161,电商概念,BK0665,1673.93,3.79,0.23,6382339584000,3.74,203,114,湘佳股份,9.99
161,162,汽车热管理,BK1089,1241.88,2.81,0.23,592035056000,5.42,42,32,鼎汉技术,17.97
162,163,智能电视,BK0656,909.86,2.04,0.22,233380921000,3.52,8,6,歌尔股份,3.75
163,164,举牌,BK0685,1801.94,4.03,0.22,50186608000,2.95,7,2,赣粤高速,2.7
164,165,有机硅,BK0961,1083.91,2.42,0.22,288599168000,2.48,19,12,远翔新材,4.34
165,166,MSCI中国,BK0821,1161.94,2.57,0.22,62451846656000,1.69,326,228,海通证券,10.03
166,167,机构重仓,BK0552,12068.27,25.94,0.22,43724938496000,1.76,614,400,泰尔股份,9.92
167,168,体外诊断,BK0841,1154.79,2.39,0.21,1039251552000,2.73,34,31,华盛昌,9.99
168,169,3D打印,BK0619,4282.91,8.83,0.21,508829456000,5.03,32,29,泰尔股份,9.92
169,170,培育钻石,BK1023,844.73,1.73,0.21,130208791000,2.64,10,3,曼卡龙,1.96
170,171,婴童概念,BK0664,1225.27,1.99,0.16,1146267856000,3.53,82,53,睿智医药,8.52
171,172,健康中国,BK0719,1033.15,1.67,0.16,1500063600000,3.08,62,36,中金辐照,17.99
172,173,医疗美容,BK0889,1427.55,2.15,0.15,1006883136000,2.48,42,23,漱玉平民,4.04
173,174,稀土永磁,BK0578,1843.22,2.48,0.13,838622096000,2.48,29,27,惠城环保,7.23
174,175,动力电池回收,BK1052,645.16,0.81,0.13,668534720000,3.0,18,19,泰尔股份,9.92
175,176,高压快充,BK1144,909.62,0.91,0.1,348036240000,4.12,24,18,鼎汉技术,17.97
176,177,毫米波概念,BK1124,1189.07,1.16,0.1,389742992000,4.97,17,19,红相股份,20.0
177,178,超级电容,BK0703,3026.78,2.91,0.1,600064864000,2.93,12,20,泰尔股份,9.92
178,179,超级真菌,BK0862,990.59,0.93,0.09,537301760000,2.57,16,5,科伦药业,2.48
179,180,影视概念,BK0847,710.21,0.65,0.09,500202016000,3.23,33,27,中视传媒,6.65
180,181,AB股,BK0498,9964.52,8.89,0.09,1366399088000,2.45,44,25,上海机电,5.25
181,182,白酒,BK0896,2041.97,1.73,0.08,3893097008000,2.13,27,18,中粮科技,9.93
182,183,长江三角,BK0594,2038.76,1.66,0.08,7839819520000,2.76,224,166,海通证券,10.03
183,184,低价股,BK1053,737.92,0.51,0.07,2238907808000,2.82,164,142,瑞贝卡,10.16
184,185,飞行汽车(eVTOL),BK1157,1360.61,0.91,0.07,572594992000,3.85,31,24,双一科技,6.77
185,186,代糖概念,BK0938,830.82,0.53,0.06,126285426000,2.14,7,7,佳禾食品,2.74
186,187,痘病毒防治,BK1085,786.44,0.3,0.04,688605680000,2.93,29,25,海辰药业,5.3
187,188,低空经济,BK1166,1122.86,0.29,0.03,2510196608000,4.19,117,83,中设股份,10.03
188,189,太阳能,BK0588,2709.2,0.51,0.02,7503099136000,2.45,219,168,兆新股份,10.2
189,190,工业母机,BK1004,1158.77,0.14,0.01,1101909312000,3.32,46,36,宏德股份,20.0
190,191,疫苗冷链,BK0941,1093.18,0.12,0.01,501855920000,2.83,20,8,晶雪节能,4.03
191,192,北交所概念,BK0925,1568.3,0.05,0.0,367497776000,3.07,13,14,鼎汉技术,17.97
192,193,网红直播,BK0940,512.94,0.0,0.0,1324097856000,5.58,72,51,万里马,13.12
193,194,东北振兴,BK0838,951.1,-0.04,0.0,626072032000,2.96,36,21,辽宁能源,5.68
194,195,商业航天,BK0963,1267.97,-0.27,-0.02,1317388320000,4.76,69,67,飞沃科技,19.98
195,196,地塞米松,BK0929,1183.23,-0.31,-0.03,82943888000,3.75,7,3,赛托生物,6.95
196,197,高送转,BK0723,3145.59,-0.86,-0.03,3333673376000,4.98,116,96,华是科技,19.98
197,198,碳纤维,BK1171,1025.34,-0.36,-0.04,307522848000,2.89,21,12,双一科技,6.77
198,199,毛发医疗,BK0996,768.94,-0.31,-0.04,91113499000,2.73,11,3,康惠制药,1.86
199,200,抗菌面料,BK1116,985.0,-0.4,-0.04,67840249000,2.42,9,5,南山智尚,3.41
200,201,通用航空,BK0625,4670.04,-2.87,-0.06,1004310368000,2.82,20,20,天和防务,12.1
201,202,充电桩,BK0700,1945.48,-1.24,-0.06,3854855632000,3.04,121,98,摩恩电气,9.97
202,203,预盈预增,BK0571,3704.02,-2.52,-0.07,10882278400000,3.21,461,366,宏达新材,9.94
203,204,合成生物,BK1174,984.18,-0.67,-0.07,1228997520000,3.04,58,49,赛托生物,6.95
204,205,无线充电,BK0960,2072.22,-1.43,-0.07,2029030320000,4.61,21,21,领益智造,9.04
205,206,世界杯,BK1105,1392.07,-1.03,-0.07,2551839856000,3.23,10,8,宇通客车,5.2
206,207,沪股通,BK0707,1811.85,-1.54,-0.08,60094410240000,1.68,731,592,海通证券,10.03
207,208,富时罗素,BK0867,1390.24,-1.28,-0.09,61987520000000,2.18,687,583,海通证券,10.03
208,209,无人机,BK0704,1660.42,-1.73,-0.1,2213900208000,4.33,72,71,中机认检,19.99
209,210,PEEK材料概念,BK1156,925.37,-1.01,-0.11,178294842000,4.32,10,12,超捷股份,4.55
210,211,环氧丙烷,BK1011,497.37,-0.58,-0.12,364302464000,1.58,9,5,红 宝 丽,2.75
211,212,智能机器,BK0640,3695.98,-4.52,-0.12,3228873840000,3.77,81,91,泰尔股份,9.92
212,213,社保重仓,BK0520,9373.66,-11.83,-0.13,452776496000,2.65,16,16,凌霄泵业,4.13
213,214,上证380,BK0705,2204.97,-2.84,-0.13,8570886400000,1.86,203,173,中国科传,7.98
214,215,噪声防治,BK1082,1057.79,-1.38,-0.13,28173860000,6.29,5,3,九州一轨,5.0
215,216,纾困概念,BK0851,1413.34,-2.08,-0.15,393292656000,5.65,26,25,深圳新星,10.01
216,217,量子通信,BK0710,1945.15,-3.05,-0.16,1200062800000,3.67,23,26,国民技术,13.7
217,218,C2M概念,BK0955,913.71,-1.49,-0.16,263847550000,2.9,20,19,斯莱克,6.27
218,219,工业4.0,BK0810,1815.23,-3.02,-0.17,2541932048000,3.12,72,56,飞沃科技,19.98
219,220,医疗器械概念,BK0668,3142.96,-5.24,-0.17,4574414336000,3.38,149,146,宏德股份,20.0
220,221,预亏预减,BK0570,1577.2,-2.72,-0.17,5259187200000,4.01,276,286,泰尔股份,9.92
221,222,沪企改革,BK0672,2256.07,-4.01,-0.18,870800384000,2.43,22,16,徐家汇,8.04
222,223,智能电网,BK0581,1401.61,-2.6,-0.19,1814339888000,4.23,86,83,红相股份,20.0
223,224,空间站概念,BK0994,1380.1,-2.57,-0.19,181367981000,4.79,13,6,中国卫星,5.3
224,225,6G概念,BK0964,1117.97,-2.13,-0.19,431266656000,6.19,12,12,创远信科,4.28
225,226,茅指数,BK0999,730.62,-1.42,-0.19,13266681088000,3.02,23,18,招商银行,4.65
226,227,食品安全,BK0614,4895.85,-9.72,-0.2,304844352000,4.88,23,18,华英农业,4.86
227,228,裸眼3D,BK1142,894.3,-1.78,-0.2,280294688000,2.62,13,9,联建光电,6.47
228,229,参股保险,BK0604,2046.52,-4.09,-0.2,5671454464000,1.34,50,33,中粮资本,10.01
229,230,融资融券,BK0596,2040.27,-4.6,-0.22,89833926656000,2.42,1860,1683,深水海纳,20.02
230,231,新能源车,BK0900,1471.4,-3.33,-0.23,10474803200000,3.55,300,267,天龙股份,9.99
231,232,新材料,BK0523,21357.07,-51.11,-0.24,3784336192000,3.28,166,163,深圳新星,10.01
232,233,氟化工,BK0690,2847.21,-6.85,-0.24,532712960000,2.05,14,16,深圳新星,10.01
233,234,共享经济,BK0807,712.27,-1.78,-0.25,209638778000,3.66,9,8,力帆科技,10.1
234,235,可控核聚变,BK1163,978.27,-2.5,-0.25,267479126000,1.54,12,6,合锻智能,3.13
235,236,虚拟电厂,BK0958,1590.72,-4.11,-0.26,647625648000,3.23,23,25,大连电瓷,8.44
236,237,超导概念,BK0679,3130.66,-8.61,-0.27,207252598000,4.74,9,4,中信金属,3.67
237,238,BC电池,BK1148,762.56,-2.19,-0.29,384313120000,3.49,10,12,永和智控,7.34
238,239,电子烟,BK0865,1497.27,-4.54,-0.3,907046704000,3.67,28,19,集友股份,5.19
239,240,新型工业化,BK1150,894.59,-2.72,-0.3,1434601248000,3.54,38,46,泰尔股份,9.92
240,241,养老概念,BK0653,2181.12,-6.65,-0.3,3016189408000,3.43,63,48,云南城投,10.0
241,242,华为汽车,BK0984,1555.05,-5.11,-0.33,1372143056000,4.49,55,42,东箭科技,20.0
242,243,钙钛矿电池,BK1094,668.84,-2.24,-0.33,429779088000,3.02,14,15,*ST中利,3.47
243,244,轮毂电机,BK1099,854.29,-2.95,-0.34,53861842000,3.37,4,4,威孚高科,1.19
244,245,深股通,BK0804,889.92,-3.29,-0.37,28669847296000,3.9,704,707,奇正藏药,9.99
245,246,深圳特区,BK0549,26382.26,-98.3,-0.37,9248106496000,3.55,166,167,深水海纳,20.02
246,247,ST股,BK0511,4282.05,-16.01,-0.37,298625360000,2.65,50,64,*ST景峰,5.0
247,248,股权激励,BK0567,2449.77,-9.17,-0.37,4318030336000,3.36,106,92,国泰君安,10.0
248,249,阿兹海默,BK0894,1543.45,-5.91,-0.38,136627685000,3.97,5,8,睿智医药,8.52
249,250,燃料电池,BK0682,2650.29,-10.18,-0.38,2326516656000,2.81,79,60,力帆科技,10.1
250,251,CRO,BK0899,1313.31,-5.09,-0.39,515423968000,4.35,16,19,泓博医药,14.24
251,252,职业教育,BK1022,1014.34,-4.1,-0.4,618038192000,6.35,38,29,凯发电气,7.83
252,253,特斯拉,BK0644,4180.8,-17.1,-0.41,4285306096000,4.18,105,98,天龙股份,9.99
253,254,HIT电池,BK0908,2150.63,-9.14,-0.42,644821856000,2.77,18,21,山煤国际,7.78
254,255,小米汽车,BK1155,1096.51,-4.7,-0.43,3157070192000,3.22,36,27,中机认检,19.99
255,256,维生素,BK0895,1583.78,-6.84,-0.43,432672464000,2.56,16,14,*ST红阳,4.7
256,257,MicroLED,BK0948,874.32,-3.87,-0.44,435991376000,2.75,8,12,联建光电,6.47
257,258,中证500,BK0701,1875.63,-8.47,-0.45,12759000064000,3.09,249,247,中粮资本,10.01
258,259,电子竞技,BK0853,1008.16,-4.56,-0.45,2941015952000,2.62,14,22,漫步者,6.59
259,260,创新药,BK1106,1058.82,-4.8,-0.45,1556332448000,2.52,38,42,泓博医药,14.24
260,261,智慧灯杆,BK1069,1167.8,-5.32,-0.45,112711909000,4.17,11,13,万马科技,11.97
261,262,汽车一体化压铸,BK1093,962.03,-4.4,-0.46,254720276000,4.92,12,14,深圳新星,10.01
262,263,参股券商,BK0514,11959.8,-55.38,-0.46,4209568352000,2.73,67,62,国芳集团,10.02
263,264,专精特新,BK1005,905.91,-4.36,-0.48,3970908928000,5.12,352,383,华是科技,19.98
264,265,SPD概念,BK1147,831.56,-4.1,-0.49,67287484000,4.51,7,4,国科恒泰,2.73
265,266,CAR-T细胞疗法,BK0986,869.56,-4.34,-0.5,428874240000,5.16,8,14,香雪制药,19.97
266,267,激光雷达,BK1002,1229.46,-6.29,-0.51,323911984000,7.47,14,17,万马科技,11.97
267,268,单抗概念,BK0870,1467.08,-7.53,-0.51,1486534688000,2.03,22,26,信立泰,2.72
268,269,液冷概念,BK1138,824.08,-4.25,-0.51,799162688000,5.17,29,27,领益智造,9.04
269,270,氦气概念,BK0949,1342.16,-6.99,-0.52,94516263000,3.18,7,4,杭氧股份,4.04
270,271,刀片电池,BK0951,1922.09,-10.05,-0.52,1045041792000,4.61,7,5,比亚迪,3.34
271,272,深证100R,BK0743,1114.39,-5.97,-0.53,13142947328000,2.56,53,47,北新建材,5.53
272,273,全息技术,BK0699,1777.74,-9.88,-0.55,122431420000,3.68,5,6,中光学,4.45
273,274,PCB,BK0877,1454.64,-8.1,-0.55,894899088000,4.41,36,45,宏达新材,9.94
274,275,机器人执行器,BK1145,977.11,-5.49,-0.56,332722128000,3.76,8,16,宁波东力,10.07
275,276,锂电池,BK0574,2487.76,-14.45,-0.58,7313338624000,3.12,159,207,泰尔股份,9.92
276,277,机器人概念,BK1090,1198.46,-7.04,-0.58,4643263232000,4.84,177,206,泰尔股份,9.92
277,278,万达概念,BK0831,882.62,-5.19,-0.58,540504192000,2.38,6,9,中国中铁,9.94
278,279,3D摄像头,BK0901,1239.41,-7.32,-0.59,569441408000,4.47,5,6,中光学,4.45
279,280,钠离子电池,BK0988,1099.86,-6.52,-0.59,1871075200000,2.29,20,29,华阳股份,3.22
280,281,生物疫苗,BK0548,24168.38,-144.96,-0.6,1112352000000,2.52,30,41,晶雪节能,4.03
281,282,碳基材料,BK1006,691.18,-4.16,-0.6,166536136000,3.31,8,9,中天科技,2.33
282,283,肝素概念,BK0944,823.8,-4.96,-0.6,209203800000,2.14,3,9,丰原药业,1.03
283,284,苹果概念,BK0666,2549.23,-15.37,-0.6,2567798304000,3.41,58,68,领益智造,9.04
284,285,创投,BK0506,12500.39,-75.49,-0.6,4207726272000,3.7,143,145,泰尔股份,9.92
285,286,京东金融,BK0849,1255.2,-7.68,-0.61,227666715000,2.38,6,5,北京银行,4.84
286,287,股权转让,BK0803,534.21,-3.3,-0.61,149581647000,3.56,19,15,荣科科技,9.52
287,288,知识产权,BK0839,1567.35,-9.77,-0.62,330839264000,4.98,17,22,华盛昌,9.99
288,289,5G概念,BK0714,1013.91,-6.34,-0.62,7680397568000,4.58,127,180,摩恩电气,9.97
289,290,天基互联,BK0921,1212.22,-7.64,-0.63,460517952000,6.03,17,21,中国卫星,5.3
290,291,工业气体,BK0981,1384.14,-8.73,-0.63,372099616000,2.44,14,12,创元科技,9.92
291,292,MiniLED,BK0902,1469.35,-9.28,-0.63,826996464000,3.04,24,34,联建光电,6.47
292,293,麒麟电池,BK1092,972.55,-6.36,-0.65,1217396928000,4.77,3,6,银轮股份,2.13
293,294,基金重仓,BK0536,10062.95,-65.85,-0.65,19761787136000,3.07,262,294,兴通股份,10.03
294,295,智能家居,BK0680,2125.18,-14.11,-0.66,3413080464000,3.66,74,80,宜通世纪,12.9
295,296,湖北自贸,BK0926,1239.06,-8.45,-0.68,308996592000,3.36,14,13,中百集团,3.89
296,297,TOPCon电池,BK1097,676.53,-4.64,-0.68,626572624000,3.91,15,26,永和智控,7.34
297,298,国家安防,BK0667,2288.02,-16.14,-0.7,1511803216000,5.28,53,65,天亿马,19.99
298,299,彩票概念,BK0671,1887.99,-13.41,-0.71,284224016000,3.97,14,8,天音控股,4.19
299,300,REITs概念,BK0992,718.38,-5.17,-0.71,872965712000,3.02,10,15,中国铁建,9.99
300,301,锂矿概念,BK1173,1100.86,-8.03,-0.72,2414912496000,2.47,16,21,西藏城投,3.77
301,302,植物照明,BK1007,868.18,-6.34,-0.72,153119940000,4.09,9,8,雷曼光电,2.6
302,303,混合现实,BK1141,1101.62,-8.42,-0.76,928971872000,3.51,11,17,可川科技,9.99
303,304,数据中心,BK0922,1291.31,-9.89,-0.76,5477168384000,4.84,88,101,天亿马,19.99
304,305,同步磁阻电机,BK1131,1011.84,-7.89,-0.77,38767163000,3.07,3,3,科汇股份,1.3
305,306,时空大数据,BK1130,1085.0,-8.51,-0.78,130610405000,12.81,12,10,中国卫星,5.3
306,307,钛白粉,BK0805,966.62,-7.66,-0.79,143635242000,1.83,6,5,龙佰集团,1.17
307,308,铜缆高速连接,BK1168,1092.06,-8.66,-0.79,494117328000,4.85,12,15,瑞可达,4.85
308,309,电子纸概念,BK1057,951.69,-7.57,-0.79,331746512000,2.64,6,8,*ST合泰,3.17
309,310,精准医疗,BK0806,920.1,-7.34,-0.79,622025104000,3.29,18,23,透景生命,4.49
310,311,数字孪生,BK0861,1162.52,-9.32,-0.8,892891008000,4.85,35,40,天海防务,11.48
311,312,工业互联,BK0832,1673.61,-13.81,-0.82,4062732352000,4.32,81,101,泰尔股份,9.92
312,313,深成500,BK0568,1048.16,-8.75,-0.83,21760404992000,3.14,220,274,中粮资本,10.01
313,314,智慧城市,BK0628,4038.94,-34.41,-0.84,2147728096000,5.44,90,114,天亿马,19.99
314,315,进口博览,BK0850,830.67,-7.2,-0.86,224120780000,1.87,8,8,中远海科,3.82
315,316,云游戏,BK0903,972.04,-8.55,-0.87,268633296000,4.45,10,16,ST惠程,5.14
316,317,互联医疗,BK0837,868.98,-7.77,-0.89,5028450304000,3.66,48,52,宜通世纪,12.9
317,318,ETC,BK0875,1391.7,-12.8,-0.91,335056592000,5.7,23,21,新疆交建,9.56
318,319,NFT概念,BK0997,1208.3,-11.24,-0.92,428494640000,5.96,28,27,常山北明,7.14
319,320,被动元件,BK0976,1167.99,-11.01,-0.93,361846736000,4.09,9,17,东晶电子,10.04
320,321,参股新三板,BK0600,2099.14,-19.86,-0.94,1304924336000,4.37,49,52,北新建材,5.53
321,322,传感器,BK0905,1309.48,-12.45,-0.94,1137743104000,4.51,36,55,天龙股份,9.99
322,323,胎压监测,BK0898,1799.7,-17.17,-0.95,301232864000,4.98,13,15,天龙股份,9.99
323,324,固态电池,BK0968,1332.73,-12.82,-0.95,4442756096000,2.97,55,96,可川科技,9.99
324,325,增强现实,BK0801,883.98,-8.57,-0.96,524068688000,5.83,18,29,天键股份,9.41
325,326,纳米银,BK0855,1425.2,-14.16,-0.98,86872719000,6.33,5,5,*ST有树,4.77
326,327,在线教育,BK0662,1750.38,-17.7,-1.0,1356351904000,6.58,50,66,荣科科技,9.52
327,328,LED,BK0580,2719.01,-27.54,-1.0,1223097344000,3.64,36,56,东晶电子,10.04
328,329,无线耳机,BK0893,1533.5,-15.67,-1.01,2035970464000,5.61,36,48,惠威科技,10.03
329,330,屏下摄像,BK0947,798.94,-8.21,-1.02,483536688000,2.76,4,6,*ST合泰,3.17
330,331,人脑工程,BK0706,3106.16,-33.35,-1.06,299686576000,4.23,7,13,佳禾智能,4.99
331,332,网络游戏,BK0509,9120.5,-98.66,-1.07,795519264000,4.62,28,42,凤凰传媒,6.16
332,333,赛马概念,BK0709,554.39,-6.01,-1.07,16094493000,3.48,1,3,中体产业,3.34
333,334,CPO概念,BK1128,2028.47,-22.08,-1.08,1294319200000,4.01,13,30,可川科技,9.99
334,335,无人驾驶,BK0802,1396.34,-15.35,-1.09,5187716608000,4.05,98,129,中机认检,19.99
335,336,玻璃基板,BK1175,1095.17,-12.05,-1.09,460568128000,3.35,15,19,天承科技,3.53
336,337,AI眼镜,BK1178,1283.02,-14.2,-1.09,858201488000,4.58,29,33,可川科技,9.99
337,338,短剧互动游戏,BK1151,946.48,-10.63,-1.11,299753408000,4.83,7,20,哈尔斯,2.15
338,339,车联网(车路云),BK0920,1175.46,-13.24,-1.11,5291516928000,4.49,94,118,中设股份,10.03
339,340,富士康,BK0842,1405.04,-16.33,-1.15,354240016000,3.88,10,20,春秋电子,5.22
340,341,F5G概念,BK1088,1727.97,-20.9,-1.2,565359776000,1.8,5,17,天地科技,4.25
341,342,独角兽,BK0835,1419.88,-17.32,-1.21,5118059776000,3.97,54,72,漫步者,6.59
342,343,MLCC,BK0890,1739.41,-21.67,-1.23,178611762000,2.84,4,8,康达新材,0.77
343,344,PLC概念,BK1119,1058.21,-13.52,-1.26,334501616000,2.2,2,7,宝信软件,1.08
344,345,阿里概念,BK0689,1936.39,-25.11,-1.28,2716831216000,3.59,47,58,力帆科技,10.1
345,346,EDR概念,BK1049,1189.42,-15.51,-1.29,207958937000,7.67,7,7,国民技术,13.7
346,347,3D玻璃,BK0881,945.02,-12.38,-1.29,249400515000,5.23,7,11,奥瑞德,10.26
347,348,数字水印,BK1129,812.46,-10.86,-1.32,89684567000,8.15,8,8,金运激光,2.15
348,349,柔性屏(折叠屏),BK1160,1157.59,-15.55,-1.33,847059456000,4.48,29,40,领益智造,9.04
349,350,Kimi概念,BK1169,848.03,-11.49,-1.34,395806816000,6.01,10,15,超讯通信,6.66
350,351,虚拟现实,BK0722,858.96,-11.72,-1.35,2979540128000,4.95,84,136,天亿马,19.99
351,352,高带宽内存,BK1152,767.77,-10.53,-1.35,121797276000,5.62,3,9,德邦科技,5.15
352,353,北斗导航,BK0629,4618.39,-64.23,-1.37,817321456000,5.54,31,44,久之洋,11.62
353,354,快手概念,BK0972,1138.54,-16.04,-1.39,186415319000,5.18,9,21,华帝股份,2.35
354,355,手游概念,BK0642,919.8,-12.96,-1.39,677750864000,4.36,16,32,凤凰传媒,6.16
355,356,复合集流体,BK1113,652.7,-9.44,-1.43,157367927000,3.19,4,18,可川科技,9.99
356,357,智能穿戴,BK0641,2409.03,-34.93,-1.43,2319805232000,4.87,44,65,天键股份,9.41
357,358,华为概念,BK0854,2704.14,-40.5,-1.48,11501382144000,5.01,259,405,天亿马,19.99
358,359,小米概念,BK0833,1474.66,-22.26,-1.49,2592201744000,4.09,85,111,领益智造,9.04
359,360,光通信模块,BK1136,1059.79,-16.36,-1.52,813188576000,4.47,18,35,可川科技,9.99
360,361,物联网,BK0554,11365.15,-176.21,-1.53,7798618112000,4.56,138,211,华是科技,19.98
361,362,国资云概念,BK1008,1209.17,-19.01,-1.55,294212448000,9.03,7,10,常山北明,7.14
362,363,生物识别,BK0970,1220.15,-19.69,-1.59,964698624000,5.53,13,33,国民技术,13.7
363,364,注册制次新股,BK0971,657.14,-10.65,-1.59,609348848000,14.91,31,55,中远通,20.01
364,365,算力概念,BK1134,1097.61,-18.0,-1.61,5934483712000,4.16,53,75,瑞贝卡,10.16
365,366,超清视频,BK0859,1524.82,-25.22,-1.63,2255485712000,3.75,31,68,领益智造,9.04
366,367,AIGC概念,BK1111,1421.53,-24.19,-1.67,1469594624000,7.1,30,63,山水比德,18.85
367,368,元宇宙概念,BK1009,1592.65,-27.33,-1.69,4123644640000,5.93,53,87,山水比德,18.85
368,369,数据要素,BK1135,913.28,-15.78,-1.7,1413416048000,7.66,45,67,华是科技,19.98
369,370,东数西算,BK1064,1122.22,-19.49,-1.71,769902768000,6.97,20,35,海量数据,9.99
370,371,PVDF概念,BK1012,731.25,-12.71,-1.71,230346064000,3.14,6,9,深圳新星,10.01
371,372,参股期货,BK0524,26873.66,-468.92,-1.71,3124672080000,4.33,17,28,中粮资本,10.01
372,373,上海自贸,BK0643,2538.77,-44.37,-1.72,906368304000,1.76,12,20,上港集团,3.57
373,374,人工智能,BK0800,1214.84,-21.3,-1.72,7991228928000,5.63,192,352,天亿马,19.99
374,375,次新股,BK0501,25574.73,-450.99,-1.73,627143552000,15.19,33,59,中远通,20.01
375,376,Sora概念,BK1159,1165.21,-21.06,-1.78,280178096000,5.67,10,29,宣亚国际,2.73
376,377,边缘计算,BK0860,1535.88,-27.93,-1.79,2355371536000,5.93,33,88,宜通世纪,12.9
377,378,宁组合,BK1000,544.09,-9.96,-1.8,4256429968000,2.99,6,18,比亚迪,3.34
378,379,荣耀概念,BK1177,1323.15,-24.54,-1.82,871660464000,3.56,18,29,佳禾智能,4.99
379,380,IPv6,BK0897,1097.44,-20.43,-1.83,525595248000,3.09,3,9,中国联通,4.64
380,381,虚拟数字人,BK1055,942.5,-17.93,-1.87,3156882784000,5.62,26,54,古鳌科技,5.5
381,382,AIPC,BK1164,1208.01,-23.62,-1.92,770734768000,6.07,15,22,领益智造,9.04
382,383,碳化硅,BK0977,1136.37,-22.34,-1.93,535818144000,4.39,10,22,奥瑞德,10.26
383,384,字节概念,BK0923,995.14,-19.6,-1.93,559357792000,6.06,17,51,ST惠程,5.14
384,385,WiFi,BK0915,972.46,-19.65,-1.98,504887152000,2.87,8,19,佳禾智能,4.99
385,386,区块链,BK0830,845.89,-17.24,-2.0,7657529600000,3.04,83,144,天亿马,19.99
386,387,蓝宝石,BK0674,2330.12,-48.3,-2.03,508273232000,3.47,4,15,奥瑞德,10.26
387,388,百度概念,BK0845,1278.62,-26.68,-2.04,2153100208000,6.28,45,95,力帆科技,10.1
388,389,租售同权,BK0822,715.42,-15.06,-2.06,464581792000,4.39,6,12,维业股份,3.54
389,390,远程办公,BK0912,1164.52,-24.53,-2.06,645348400000,6.15,8,30,雷曼光电,2.6
390,391,OLED,BK0840,2156.98,-46.04,-2.09,1895277936000,4.04,36,89,和科达,8.12
391,392,大数据,BK0634,3820.55,-81.8,-2.1,4537310208000,5.47,106,192,天亿马,19.99
392,393,ERP概念,BK1133,923.46,-20.52,-2.17,218111486000,4.68,6,11,垒知集团,2.54
393,394,RCS概念,BK0919,1099.59,-25.1,-2.23,169677011000,5.33,7,16,ST中嘉,4.15
394,395,多模态AI,BK1153,889.41,-20.57,-2.26,623360288000,5.52,10,28,泓博医药,14.24
395,396,科创板做市股,BK1108,823.44,-19.26,-2.29,1650368464000,2.77,13,29,瑞可达,4.85
396,397,第三代半导体,BK0952,1151.8,-27.6,-2.34,1548904448000,4.81,29,74,连城数控,6.42
397,398,数据确权,BK1118,1285.97,-30.89,-2.35,260000463000,7.3,13,20,四方精创,6.56
398,399,DRG/DIP,BK1054,871.58,-20.95,-2.35,124417004000,6.87,5,10,荣科科技,9.52
399,400,云计算,BK0579,2341.95,-57.29,-2.39,7485042176000,5.88,71,156,海量数据,9.99
400,401,电子后视镜,BK1125,1240.27,-30.41,-2.39,291464240000,4.95,4,17,*ST合泰,3.17
401,402,百元股,BK1059,614.07,-15.07,-2.4,11559379712000,2.73,24,45,合合信息,10.72
402,403,氮化镓,BK0916,1067.33,-26.76,-2.45,871427984000,4.86,15,32,聚灿光电,3.57
403,404,AI手机,BK1162,1149.07,-29.14,-2.47,697824000000,6.24,14,17,领益智造,9.04
404,405,创业成份,BK0638,1701.11,-43.38,-2.49,5899513344000,5.68,27,73,中航电测,15.21
405,406,电子车牌,BK0982,1151.42,-29.9,-2.53,154945307000,8.08,6,11,厦门信达,1.95
406,407,机器视觉,BK0998,1187.06,-30.84,-2.53,356616544000,5.79,21,42,机科股份,4.98
407,408,网络安全,BK0655,3537.46,-92.09,-2.54,4514498304000,6.85,39,89,天亿马,19.99
408,409,英伟达概念,BK1161,1110.89,-29.01,-2.54,678696256000,6.14,9,35,电连技术,3.86
409,410,托育服务,BK1074,599.94,-15.93,-2.59,71904228000,5.93,5,7,长江传媒,4.57
410,411,国产芯片,BK0891,2547.87,-68.06,-2.6,8704360192000,4.66,93,251,红相股份,20.0
411,412,数字经济,BK1061,960.94,-26.02,-2.64,1382519248000,6.65,51,98,中国科传,7.98
412,413,昨日涨停_含一字,BK1050,19885.78,-542.72,-2.66,512928160000,25.25,18,31,泰尔股份,9.92
413,414,移动支付,BK0556,9636.84,-263.96,-2.67,3311967120000,4.63,18,49,国民技术,13.7
414,415,VPN,BK0885,922.4,-25.87,-2.73,256660908000,6.35,5,15,山石网科,1.31
415,416,互联金融,BK0637,4149.14,-116.86,-2.74,18436300800000,1.82,76,129,海通证券,10.03
416,417,数据安全,BK1047,777.92,-22.19,-2.77,750597152000,4.21,23,49,恒为科技,8.16
417,418,Chiplet概念,BK1101,1252.07,-35.8,-2.78,481502000000,5.61,6,17,合锻智能,3.13
418,419,IGBT概念,BK1048,730.78,-20.98,-2.79,2051675744000,3.41,9,28,天龙股份,9.99
419,420,UWB概念,BK0880,1350.11,-38.92,-2.8,363927216000,3.83,4,14,国网信通,4.83
420,421,半导体概念,BK0917,1363.73,-39.51,-2.82,6809990400000,4.36,73,224,可川科技,9.99
421,422,Web3.0,BK1110,1295.68,-38.74,-2.9,385131872000,7.44,11,35,四方精创,6.56
422,423,智慧政务,BK0886,1052.34,-31.61,-2.92,520099104000,9.57,21,53,天亿马,19.99
423,424,光刻机(胶),BK0884,2255.3,-68.34,-2.94,696902960000,7.35,18,62,航天智造,6.82
424,425,数字哨兵,BK1084,1368.46,-41.55,-2.95,83209040000,7.06,2,10,德生科技,3.37
425,426,财税数字化,BK1176,1303.2,-40.33,-3.0,419951216000,8.33,11,25,天亿马,19.99
426,427,第四代半导体,BK1121,1414.99,-45.28,-3.1,115595898000,3.82,1,3,中国西电,2.67
427,428,跨境支付,BK1071,1313.41,-42.19,-3.11,10728048384000,0.8,17,31,四方精创,6.56
428,429,电子身份证,BK1075,1035.01,-34.98,-3.27,292908368000,7.5,8,26,精伦电子,1.96
429,430,国产软件,BK0696,2599.95,-88.31,-3.29,2654906032000,8.6,62,163,天亿马,19.99
430,431,科创板做市商,BK1107,1473.46,-51.02,-3.35,1837570992000,3.01,1,13,国泰君安,10.0
431,432,商汤概念,BK0942,900.96,-32.06,-3.44,370166944000,3.77,4,10,盛通股份,1.68
432,433,昨日涨停,BK0815,111.38,-4.1,-3.55,371373792000,17.88,15,29,泰尔股份,9.92
433,434,星闪概念,BK1149,1081.2,-40.35,-3.6,432679856000,9.32,9,24,惠威科技,10.03
434,435,信创,BK1104,1368.89,-53.16,-3.74,2928050432000,8.63,56,169,华是科技,19.98
435,436,华为昇腾,BK0995,1157.66,-45.09,-3.75,281110080000,14.84,3,19,常山北明,7.14
436,437,ChatGPT概念,BK1126,1451.97,-57.27,-3.79,1820662976000,7.11,14,59,小商品城,6.43
437,438,存储芯片,BK1137,1120.71,-44.4,-3.81,861682400000,7.02,12,38,古鳌科技,5.5
438,439,EDA概念,BK0946,1011.46,-40.41,-3.84,221288035000,5.09,5,9,隧道股份,2.84
439,440,数字货币,BK0883,1465.18,-63.92,-4.18,764652608000,9.02,18,56,国民技术,13.7
440,441,MLOps概念,BK1132,929.46,-41.13,-4.24,188582369000,9.48,3,7,传音控股,4.4
441,442,汽车芯片,BK0969,960.79,-42.92,-4.28,891014304000,5.81,6,40,雅创电子,2.32
442,443,华为海思,BK1180,1195.88,-56.57,-4.52,657167472000,9.05,7,29,罗博特科,2.79
443,444,AI芯片,BK1127,975.28,-46.6,-4.56,980255936000,4.35,5,20,TCL科技,1.16
444,445,中芯概念,BK0935,1104.61,-57.78,-4.97,2043047808000,4.9,9,50,兴发集团,2.67
445,446,券商概念,BK0711,1092.13,-57.16,-4.97,3950817280000,6.08,4,53,海通证券,10.03
446,447,鸿蒙概念,BK0953,1213.18,-70.18,-5.47,1714914064000,11.42,14,64,荣科科技,9.52
447,448,昨日连板_含一字,BK1051,218.52,-15.79,-6.74,462005744000,27.77,6,27,中粮资本,10.01
448,449,昨日连板,BK0816,54277.47,-4263.19,-7.28,153866421000,19.9,4,16,中粮资本,10.01
449,450,昨日触板,BK0817,501.19,-49.47,-8.98,1632897328000,12.34,5,51,奥瑞德,10.26
450,451,华为欧拉,BK1013,1281.61,-142.41,-10.0,247117819000,22.01,1,14,麒麟信安,3.74
